animal;group;session;selection_position;trial;selection;estimate
alw;alwcla;19126;left;1003;pictures;0
alw;alwcla;19126;left;1003;static;0,92
alw;alwcla;19126;left;1003;dynamic;0,08
alw;alwcla;19126;middle;1048;pictures;0,02
alw;alwcla;19126;middle;1048;static;0,78
alw;alwcla;19126;middle;1048;dynamic;0,2
alw;alwcla;19126;right;85;pictures;0,48
alw;alwcla;19126;right;85;static;0,22
alw;alwcla;19126;right;85;dynamic;0,29
alw;alwcla;19133;left;1193;pictures;0,05
alw;alwcla;19133;left;1193;static;0,67
alw;alwcla;19133;left;1193;dynamic;0,27
alw;alwcla;19133;middle;1012;pictures;0
alw;alwcla;19133;middle;1012;static;0,62
alw;alwcla;19133;middle;1012;dynamic;0,38
alw;alwcla;19133;right;147;pictures;0
alw;alwcla;19133;right;147;static;0,98
alw;alwcla;19133;right;147;dynamic;0,02
alw;alwcla;19140;left;1194;pictures;0,04
alw;alwcla;19140;left;1194;static;0,95
alw;alwcla;19140;left;1194;dynamic;0,01
alw;alwcla;19140;middle;1818;pictures;0,01
alw;alwcla;19140;middle;1818;static;0,96
alw;alwcla;19140;middle;1818;dynamic;0,04
alw;alwcla;19140;right;64;pictures;0,02
alw;alwcla;19140;right;64;static;0,94
alw;alwcla;19140;right;64;dynamic;0,05
alw;alwcla;19147;left;467;pictures;0,01
alw;alwcla;19147;left;467;static;0,9
alw;alwcla;19147;left;467;dynamic;0,1
alw;alwcla;19147;middle;1569;pictures;0
alw;alwcla;19147;middle;1569;static;0,85
alw;alwcla;19147;middle;1569;dynamic;0,15
alw;alwcla;19147;right;80;pictures;0
alw;alwcla;19147;right;80;static;0,99
alw;alwcla;19147;right;80;dynamic;0,01
alw;alwcla;19154;left;441;pictures;0,02
alw;alwcla;19154;left;441;static;0,98
alw;alwcla;19154;left;441;dynamic;0
alw;alwcla;19154;middle;1100;pictures;0,07
alw;alwcla;19154;middle;1100;static;0,84
alw;alwcla;19154;middle;1100;dynamic;0,09
alw;alwcla;19154;right;330;pictures;0
alw;alwcla;19154;right;330;static;0,82
alw;alwcla;19154;right;330;dynamic;0,18
alw;alwcla;19168;left;276;pictures;0,03
alw;alwcla;19168;left;276;static;0,97
alw;alwcla;19168;left;276;dynamic;0
alw;alwcla;19168;middle;1215;pictures;0,08
alw;alwcla;19168;middle;1215;static;0,87
alw;alwcla;19168;middle;1215;dynamic;0,04
alw;alwcla;19168;right;805;pictures;0,01
alw;alwcla;19168;right;805;static;0,58
alw;alwcla;19168;right;805;dynamic;0,41
alw;alwcla;19175;left;923;pictures;0,01
alw;alwcla;19175;left;923;static;0,98
alw;alwcla;19175;left;923;dynamic;0,01
alw;alwcla;19175;middle;365;pictures;0,04
alw;alwcla;19175;middle;365;static;0,89
alw;alwcla;19175;middle;365;dynamic;0,07
alw;alwcla;19175;right;69;pictures;0
alw;alwcla;19175;right;69;static;0,74
alw;alwcla;19175;right;69;dynamic;0,26
bac;bacnil;19126;left;5;pictures;0,2
bac;bacnil;19126;left;5;static;0,6
bac;bacnil;19126;left;5;dynamic;0,2
bac;bacnil;19126;middle;20;pictures;0,3
bac;bacnil;19126;middle;20;static;0,6
bac;bacnil;19126;middle;20;dynamic;0,1
bac;bacnil;19126;right;19;pictures;0,53
bac;bacnil;19126;right;19;static;0,26
bac;bacnil;19126;right;19;dynamic;0,21
bac;bacnil;19133;left;559;pictures;0,01
bac;bacnil;19133;left;559;static;0,21
bac;bacnil;19133;left;559;dynamic;0,78
bac;bacnil;19133;middle;257;pictures;0,01
bac;bacnil;19133;middle;257;static;0,75
bac;bacnil;19133;middle;257;dynamic;0,24
bac;bacnil;19133;right;35;pictures;0,89
bac;bacnil;19133;right;35;static;0,06
bac;bacnil;19133;right;35;dynamic;0,06
bac;bacnil;19136;left;435;pictures;0,26
bac;bacnil;19136;left;435;static;0,48
bac;bacnil;19136;left;435;dynamic;0,26
bac;bacnil;19136;middle;270;pictures;0,04
bac;bacnil;19136;middle;270;static;0,79
bac;bacnil;19136;middle;270;dynamic;0,16
bac;bacnil;19136;right;103;pictures;0,07
bac;bacnil;19136;right;103;static;0,81
bac;bacnil;19136;right;103;dynamic;0,13
bac;bacnil;19137;left;79;pictures;0,2
bac;bacnil;19137;left;79;static;0,22
bac;bacnil;19137;left;79;dynamic;0,58
bac;bacnil;19137;middle;400;pictures;0,01
bac;bacnil;19137;middle;400;static;0,76
bac;bacnil;19137;middle;400;dynamic;0,23
bac;bacnil;19137;right;29;pictures;0,28
bac;bacnil;19137;right;29;static;0,59
bac;bacnil;19137;right;29;dynamic;0,14
bac;bacnil;19138;left;51;pictures;0,45
bac;bacnil;19138;left;51;static;0,43
bac;bacnil;19138;left;51;dynamic;0,12
bac;bacnil;19138;middle;604;pictures;0
bac;bacnil;19138;middle;604;static;0,48
bac;bacnil;19138;middle;604;dynamic;0,51
bac;bacnil;19138;right;130;pictures;0,4
bac;bacnil;19138;right;130;static;0,58
bac;bacnil;19138;right;130;dynamic;0,02
bac;bacnil;19139;left;20;pictures;0,55
bac;bacnil;19139;left;20;static;0,25
bac;bacnil;19139;left;20;dynamic;0,2
bac;bacnil;19139;middle;352;pictures;0,01
bac;bacnil;19139;middle;352;static;0,74
bac;bacnil;19139;middle;352;dynamic;0,24
bac;bacnil;19139;right;40;pictures;0,45
bac;bacnil;19139;right;40;static;0,3
bac;bacnil;19139;right;40;dynamic;0,25
cas;casear;19063;left;31;pictures;0,03
cas;casear;19063;left;31;static;0,71
cas;casear;19063;left;31;dynamic;0,26
cas;casear;19063;middle;125;pictures;0,12
cas;casear;19063;middle;125;static;0,58
cas;casear;19063;middle;125;dynamic;0,3
cas;casear;19063;right;79;pictures;0,38
cas;casear;19063;right;79;static;0,39
cas;casear;19063;right;79;dynamic;0,23
cas;casear;19070;left;7;pictures;0,14
cas;casear;19070;left;7;static;0,86
cas;casear;19070;left;7;dynamic;0
cas;casear;19070;middle;129;pictures;0,1
cas;casear;19070;middle;129;static;0,53
cas;casear;19070;middle;129;dynamic;0,36
cas;casear;19070;right;15;pictures;0
cas;casear;19070;right;15;static;0,8
cas;casear;19070;right;15;dynamic;0,2
cas;casear;19077;left;17;pictures;0
cas;casear;19077;left;17;static;0,94
cas;casear;19077;left;17;dynamic;0,06
cas;casear;19077;middle;261;pictures;0,1
cas;casear;19077;middle;261;static;0,54
cas;casear;19077;middle;261;dynamic;0,35
cas;casear;19077;right;16;pictures;0,06
cas;casear;19077;right;16;static;0,88
cas;casear;19077;right;16;dynamic;0,06
cas;casear;19084;left;17;pictures;0,12
cas;casear;19084;left;17;static;0,88
cas;casear;19084;left;17;dynamic;0
cas;casear;19084;middle;373;pictures;0,01
cas;casear;19084;middle;373;static;0,9
cas;casear;19084;middle;373;dynamic;0,1
cas;casear;19084;right;3;pictures;0,33
cas;casear;19084;right;3;static;0,33
cas;casear;19084;right;3;dynamic;0,33
cas;casear;19091;left;30;pictures;0,53
cas;casear;19091;left;30;static;0,43
cas;casear;19091;left;30;dynamic;0,03
cas;casear;19091;middle;425;pictures;0
cas;casear;19091;middle;425;static;0,85
cas;casear;19091;middle;425;dynamic;0,15
cas;casear;19091;right;20;pictures;0,95
cas;casear;19091;right;20;static;0,05
cas;casear;19091;right;20;dynamic;0
cas;casear;19098;left;34;pictures;0
cas;casear;19098;left;34;static;1
cas;casear;19098;left;34;dynamic;0
cas;casear;19098;middle;618;pictures;0,19
cas;casear;19098;middle;618;static;0,46
cas;casear;19098;middle;618;dynamic;0,35
cas;casear;19098;right;14;pictures;0,43
cas;casear;19098;right;14;static;0
cas;casear;19098;right;14;dynamic;0,57
cas;casear;19105;left;89;pictures;0,11
cas;casear;19105;left;89;static;0,63
cas;casear;19105;left;89;dynamic;0,26
cas;casear;19105;middle;1026;pictures;0,05
cas;casear;19105;middle;1026;static;0,58
cas;casear;19105;middle;1026;dynamic;0,37
cas;casear;19105;right;3;pictures;0
cas;casear;19105;right;3;static;1
cas;casear;19105;right;3;dynamic;0
cas;casear;19112;left;95;pictures;0,07
cas;casear;19112;left;95;static;0,87
cas;casear;19112;left;95;dynamic;0,05
cas;casear;19112;middle;491;pictures;0,17
cas;casear;19112;middle;491;static;0,4
cas;casear;19112;middle;491;dynamic;0,44
cas;casear;19112;right;3;pictures;0
cas;casear;19112;right;3;static;1
cas;casear;19112;right;3;dynamic;0
cas;casear;19119;left;84;pictures;0,13
cas;casear;19119;left;84;static;0,87
cas;casear;19119;left;84;dynamic;0
cas;casear;19119;middle;211;pictures;0,45
cas;casear;19119;middle;211;static;0
cas;casear;19119;middle;211;dynamic;0,55
cas;casear;19119;right;2;pictures;0
cas;casear;19119;right;2;static;1
cas;casear;19119;right;2;dynamic;0
cla;alwcla;19126;left;250;pictures;0,39
cla;alwcla;19126;left;250;static;0,37
cla;alwcla;19126;left;250;dynamic;0,24
cla;alwcla;19126;middle;82;pictures;0,18
cla;alwcla;19126;middle;82;static;0,35
cla;alwcla;19126;middle;82;dynamic;0,46
cla;alwcla;19126;right;241;pictures;0,32
cla;alwcla;19126;right;241;static;0,12
cla;alwcla;19126;right;241;dynamic;0,56
cla;alwcla;19133;left;148;pictures;0,47
cla;alwcla;19133;left;148;static;0,16
cla;alwcla;19133;left;148;dynamic;0,36
cla;alwcla;19133;middle;14;pictures;0,29
cla;alwcla;19133;middle;14;static;0,14
cla;alwcla;19133;middle;14;dynamic;0,57
cla;alwcla;19133;right;89;pictures;0,48
cla;alwcla;19133;right;89;static;0,4
cla;alwcla;19133;right;89;dynamic;0,11
cla;alwcla;19140;left;204;pictures;0,47
cla;alwcla;19140;left;204;static;0,03
cla;alwcla;19140;left;204;dynamic;0,5
cla;alwcla;19140;middle;37;pictures;0
cla;alwcla;19140;middle;37;static;0,95
cla;alwcla;19140;middle;37;dynamic;0,05
cla;alwcla;19140;right;119;pictures;0,74
cla;alwcla;19140;right;119;static;0,01
cla;alwcla;19140;right;119;dynamic;0,25
cla;alwcla;19147;left;199;pictures;0,03
cla;alwcla;19147;left;199;static;0,69
cla;alwcla;19147;left;199;dynamic;0,29
cla;alwcla;19147;middle;71;pictures;0,1
cla;alwcla;19147;middle;71;static;0,58
cla;alwcla;19147;middle;71;dynamic;0,32
cla;alwcla;19147;right;55;pictures;0,93
cla;alwcla;19147;right;55;static;0
cla;alwcla;19147;right;55;dynamic;0,07
cla;alwcla;19154;left;115;pictures;0,33
cla;alwcla;19154;left;115;static;0,64
cla;alwcla;19154;left;115;dynamic;0,03
cla;alwcla;19154;middle;90;pictures;0,52
cla;alwcla;19154;middle;90;static;0,21
cla;alwcla;19154;middle;90;dynamic;0,27
cla;alwcla;19154;right;22;pictures;0,27
cla;alwcla;19154;right;22;static;0,23
cla;alwcla;19154;right;22;dynamic;0,5
cla;alwcla;19168;left;325;pictures;0,07
cla;alwcla;19168;left;325;static;0,57
cla;alwcla;19168;left;325;dynamic;0,36
cla;alwcla;19168;middle;210;pictures;0,1
cla;alwcla;19168;middle;210;static;0,64
cla;alwcla;19168;middle;210;dynamic;0,27
cla;alwcla;19168;right;76;pictures;0,95
cla;alwcla;19168;right;76;static;0
cla;alwcla;19168;right;76;dynamic;0,05
cla;alwcla;19175;left;240;pictures;0,2
cla;alwcla;19175;left;240;static;0,7
cla;alwcla;19175;left;240;dynamic;0,1
cla;alwcla;19175;middle;173;pictures;0,14
cla;alwcla;19175;middle;173;static;0,68
cla;alwcla;19175;middle;173;dynamic;0,18
cla;alwcla;19175;right;42;pictures;0,9
cla;alwcla;19175;right;42;static;0
cla;alwcla;19175;right;42;dynamic;0,1
cur;curpin;19126;left;1;pictures;0
cur;curpin;19126;left;1;static;1
cur;curpin;19126;left;1;dynamic;0
cur;curpin;19126;middle;11;pictures;0
cur;curpin;19126;middle;11;static;0,91
cur;curpin;19126;middle;11;dynamic;0,09
cur;curpin;19126;right;15;pictures;1
cur;curpin;19126;right;15;static;0
cur;curpin;19126;right;15;dynamic;0
cur;curpin;19140;left;11;pictures;0,55
cur;curpin;19140;left;11;static;0
cur;curpin;19140;left;11;dynamic;0,45
cur;curpin;19140;middle;3;pictures;0
cur;curpin;19140;middle;3;static;1
cur;curpin;19140;middle;3;dynamic;0
cur;curpin;19140;right;3;pictures;0,67
cur;curpin;19140;right;3;static;0,33
cur;curpin;19140;right;3;dynamic;0
cur;curpin;19154;left;12;pictures;0,75
cur;curpin;19154;left;12;static;0
cur;curpin;19154;left;12;dynamic;0,25
cur;curpin;19154;middle;145;pictures;0
cur;curpin;19154;middle;145;static;1
cur;curpin;19154;middle;145;dynamic;0
cur;curpin;19154;right;46;pictures;0,37
cur;curpin;19154;right;46;static;0
cur;curpin;19154;right;46;dynamic;0,63
cur;curpin;19161;left;79;pictures;0,43
cur;curpin;19161;left;79;static;0,57
cur;curpin;19161;left;79;dynamic;0
cur;curpin;19161;middle;95;pictures;0
cur;curpin;19161;middle;95;static;0,94
cur;curpin;19161;middle;95;dynamic;0,06
cur;curpin;19161;right;41;pictures;0,54
cur;curpin;19161;right;41;static;0,37
cur;curpin;19161;right;41;dynamic;0,1
cur;curpin;19168;left;14;pictures;0,57
cur;curpin;19168;left;14;static;0,07
cur;curpin;19168;left;14;dynamic;0,36
cur;curpin;19168;middle;17;pictures;0
cur;curpin;19168;middle;17;static;0,94
cur;curpin;19168;middle;17;dynamic;0,06
cur;curpin;19168;right;19;pictures;0,47
cur;curpin;19168;right;19;static;0,47
cur;curpin;19168;right;19;dynamic;0,05
cur;curpin;19175;left;4;pictures;0
cur;curpin;19175;left;4;static;1
cur;curpin;19175;left;4;dynamic;0
cur;curpin;19175;right;2;pictures;1
cur;curpin;19175;right;2;static;0
cur;curpin;19175;right;2;dynamic;0
der;derelm;19126;left;83;pictures;0,18
der;derelm;19126;left;83;static;0,22
der;derelm;19126;left;83;dynamic;0,6
der;derelm;19126;middle;140;pictures;0,11
der;derelm;19126;middle;140;static;0,32
der;derelm;19126;middle;140;dynamic;0,56
der;derelm;19126;right;214;pictures;0,51
der;derelm;19126;right;214;static;0,22
der;derelm;19126;right;214;dynamic;0,27
der;derelm;19133;left;318;pictures;0,3
der;derelm;19133;left;318;static;0,64
der;derelm;19133;left;318;dynamic;0,07
der;derelm;19133;middle;326;pictures;0,2
der;derelm;19133;middle;326;static;0,57
der;derelm;19133;middle;326;dynamic;0,23
der;derelm;19133;right;492;pictures;0,54
der;derelm;19133;right;492;static;0,2
der;derelm;19133;right;492;dynamic;0,26
der;derelm;19140;left;85;pictures;0,26
der;derelm;19140;left;85;static;0,65
der;derelm;19140;left;85;dynamic;0,09
der;derelm;19140;middle;414;pictures;0,04
der;derelm;19140;middle;414;static;0,93
der;derelm;19140;middle;414;dynamic;0,03
der;derelm;19140;right;162;pictures;0,59
der;derelm;19140;right;162;static;0
der;derelm;19140;right;162;dynamic;0,41
der;derelm;19147;left;168;pictures;0,29
der;derelm;19147;left;168;static;0,68
der;derelm;19147;left;168;dynamic;0,03
der;derelm;19147;middle;682;pictures;0,03
der;derelm;19147;middle;682;static;0,91
der;derelm;19147;middle;682;dynamic;0,07
der;derelm;19147;right;132;pictures;0,27
der;derelm;19147;right;132;static;0
der;derelm;19147;right;132;dynamic;0,73
der;derelm;19154;left;147;pictures;0,04
der;derelm;19154;left;147;static;0,88
der;derelm;19154;left;147;dynamic;0,07
der;derelm;19154;middle;975;pictures;0,05
der;derelm;19154;middle;975;static;0,87
der;derelm;19154;middle;975;dynamic;0,09
der;derelm;19154;right;104;pictures;0,32
der;derelm;19154;right;104;static;0,63
der;derelm;19154;right;104;dynamic;0,05
der;derelm;19161;left;352;pictures;0,09
der;derelm;19161;left;352;static;0,89
der;derelm;19161;left;352;dynamic;0,02
der;derelm;19161;middle;1567;pictures;0,04
der;derelm;19161;middle;1567;static;0,9
der;derelm;19161;middle;1567;dynamic;0,06
der;derelm;19161;right;150;pictures;0,06
der;derelm;19161;right;150;static;0,81
der;derelm;19161;right;150;dynamic;0,13
der;derelm;19175;left;321;pictures;0
der;derelm;19175;left;321;static;1
der;derelm;19175;left;321;dynamic;0
der;derelm;19175;middle;237;pictures;0,3
der;derelm;19175;middle;237;static;0,51
der;derelm;19175;middle;237;dynamic;0,19
der;derelm;19175;right;290;pictures;0
der;derelm;19175;right;290;static;1
der;derelm;19175;right;290;dynamic;0
ear;casear;19063;left;185;pictures;0,19
ear;casear;19063;left;185;static;0,62
ear;casear;19063;left;185;dynamic;0,19
ear;casear;19063;middle;162;pictures;0,06
ear;casear;19063;middle;162;static;0,78
ear;casear;19063;middle;162;dynamic;0,15
ear;casear;19063;right;68;pictures;0,34
ear;casear;19063;right;68;static;0,59
ear;casear;19063;right;68;dynamic;0,07
ear;casear;19070;left;134;pictures;0,12
ear;casear;19070;left;134;static;0,72
ear;casear;19070;left;134;dynamic;0,16
ear;casear;19070;middle;451;pictures;0,12
ear;casear;19070;middle;451;static;0,56
ear;casear;19070;middle;451;dynamic;0,32
ear;casear;19070;right;13;pictures;0,08
ear;casear;19070;right;13;static;0,85
ear;casear;19070;right;13;dynamic;0,08
ear;casear;19077;left;165;pictures;0,21
ear;casear;19077;left;165;static;0,61
ear;casear;19077;left;165;dynamic;0,18
ear;casear;19077;middle;284;pictures;0,14
ear;casear;19077;middle;284;static;0,58
ear;casear;19077;middle;284;dynamic;0,27
ear;casear;19077;right;4;pictures;0,25
ear;casear;19077;right;4;static;0,75
ear;casear;19077;right;4;dynamic;0
ear;casear;19084;left;205;pictures;0,38
ear;casear;19084;left;205;static;0,37
ear;casear;19084;left;205;dynamic;0,25
ear;casear;19084;middle;895;pictures;0
ear;casear;19084;middle;895;static;0,64
ear;casear;19084;middle;895;dynamic;0,36
ear;casear;19084;right;113;pictures;0,01
ear;casear;19084;right;113;static;0,96
ear;casear;19084;right;113;dynamic;0,04
ear;casear;19091;left;70;pictures;0,31
ear;casear;19091;left;70;static;0,34
ear;casear;19091;left;70;dynamic;0,34
ear;casear;19091;middle;617;pictures;0,08
ear;casear;19091;middle;617;static;0,88
ear;casear;19091;middle;617;dynamic;0,03
ear;casear;19091;right;5;pictures;0,4
ear;casear;19091;right;5;static;0
ear;casear;19091;right;5;dynamic;0,6
ear;casear;19098;left;83;pictures;0,1
ear;casear;19098;left;83;static;0,82
ear;casear;19098;left;83;dynamic;0,08
ear;casear;19098;middle;667;pictures;0,04
ear;casear;19098;middle;667;static;0,65
ear;casear;19098;middle;667;dynamic;0,32
ear;casear;19098;right;5;pictures;0,6
ear;casear;19098;right;5;static;0
ear;casear;19098;right;5;dynamic;0,4
ear;casear;19105;left;42;pictures;0,24
ear;casear;19105;left;42;static;0,55
ear;casear;19105;left;42;dynamic;0,21
ear;casear;19105;middle;557;pictures;0
ear;casear;19105;middle;557;static;0,82
ear;casear;19105;middle;557;dynamic;0,18
ear;casear;19105;right;8;pictures;0,38
ear;casear;19105;right;8;static;0,62
ear;casear;19105;right;8;dynamic;0
ear;casear;19112;left;66;pictures;0,47
ear;casear;19112;left;66;static;0,44
ear;casear;19112;left;66;dynamic;0,09
ear;casear;19112;middle;320;pictures;0,08
ear;casear;19112;middle;320;static;0,36
ear;casear;19112;middle;320;dynamic;0,56
ear;casear;19112;right;2;pictures;0,5
ear;casear;19112;right;2;static;0,5
ear;casear;19112;right;2;dynamic;0
ear;casear;19119;left;34;pictures;0,32
ear;casear;19119;left;34;static;0,68
ear;casear;19119;left;34;dynamic;0
ear;casear;19119;middle;240;pictures;0,03
ear;casear;19119;middle;240;static;0,66
ear;casear;19119;middle;240;dynamic;0,32
ear;casear;19119;right;8;pictures;0
ear;casear;19119;right;8;static;0,88
ear;casear;19119;right;8;dynamic;0,12
elm;derelm;19126;left;54;pictures;0,04
elm;derelm;19126;left;54;static;0,11
elm;derelm;19126;left;54;dynamic;0,85
elm;derelm;19126;middle;75;pictures;0
elm;derelm;19126;middle;75;static;0,92
elm;derelm;19126;middle;75;dynamic;0,08
elm;derelm;19126;right;86;pictures;0,86
elm;derelm;19126;right;86;static;0,07
elm;derelm;19126;right;86;dynamic;0,07
elm;derelm;19133;left;308;pictures;0,04
elm;derelm;19133;left;308;static;0,91
elm;derelm;19133;left;308;dynamic;0,05
elm;derelm;19133;middle;1106;pictures;0,03
elm;derelm;19133;middle;1106;static;0,88
elm;derelm;19133;middle;1106;dynamic;0,09
elm;derelm;19133;right;494;pictures;0,15
elm;derelm;19133;right;494;static;0,73
elm;derelm;19133;right;494;dynamic;0,12
elm;derelm;19140;left;690;pictures;0,06
elm;derelm;19140;left;690;static;0,84
elm;derelm;19140;left;690;dynamic;0,1
elm;derelm;19140;middle;461;pictures;0,02
elm;derelm;19140;middle;461;static;0,87
elm;derelm;19140;middle;461;dynamic;0,11
elm;derelm;19140;right;79;pictures;0,05
elm;derelm;19140;right;79;static;0,95
elm;derelm;19140;right;79;dynamic;0
elm;derelm;19147;left;556;pictures;0,02
elm;derelm;19147;left;556;static;0,95
elm;derelm;19147;left;556;dynamic;0,03
elm;derelm;19147;middle;637;pictures;0,01
elm;derelm;19147;middle;637;static;0,97
elm;derelm;19147;middle;637;dynamic;0,03
elm;derelm;19147;right;387;pictures;0
elm;derelm;19147;right;387;static;0,96
elm;derelm;19147;right;387;dynamic;0,04
elm;derelm;19154;left;311;pictures;0,01
elm;derelm;19154;left;311;static;0,99
elm;derelm;19154;left;311;dynamic;0
elm;derelm;19154;middle;1000;pictures;0,01
elm;derelm;19154;middle;1000;static;0,96
elm;derelm;19154;middle;1000;dynamic;0,03
elm;derelm;19154;right;232;pictures;0,03
elm;derelm;19154;right;232;static;0,95
elm;derelm;19154;right;232;dynamic;0,02
elm;derelm;19161;left;771;pictures;0
elm;derelm;19161;left;771;static;1
elm;derelm;19161;left;771;dynamic;0
elm;derelm;19161;middle;778;pictures;0,02
elm;derelm;19161;middle;778;static;0,97
elm;derelm;19161;middle;778;dynamic;0
elm;derelm;19161;right;392;pictures;0,01
elm;derelm;19161;right;392;static;0,98
elm;derelm;19161;right;392;dynamic;0,01
elm;derelm;19175;left;152;pictures;0
elm;derelm;19175;left;152;static;1
elm;derelm;19175;left;152;dynamic;0
elm;derelm;19175;middle;551;pictures;0
elm;derelm;19175;middle;551;static;1
elm;derelm;19175;middle;551;dynamic;0
elm;derelm;19175;right;87;pictures;0,02
elm;derelm;19175;right;87;static;0,98
elm;derelm;19175;right;87;dynamic;0
hei;heilotpansan;19161;left;25;pictures;0
hei;heilotpansan;19161;left;25;static;0,88
hei;heilotpansan;19161;left;25;dynamic;0,12
hei;heilotpansan;19161;middle;21;pictures;0,86
hei;heilotpansan;19161;middle;21;static;0,1
hei;heilotpansan;19161;middle;21;dynamic;0,05
hei;heilotpansan;19161;right;30;pictures;0,53
hei;heilotpansan;19161;right;30;static;0,07
hei;heilotpansan;19161;right;30;dynamic;0,4
hei;heilotpansan;19168;left;520;pictures;0,01
hei;heilotpansan;19168;left;520;static;0,98
hei;heilotpansan;19168;left;520;dynamic;0,01
hei;heilotpansan;19168;middle;27;pictures;0,22
hei;heilotpansan;19168;middle;27;static;0,22
hei;heilotpansan;19168;middle;27;dynamic;0,56
hei;heilotpansan;19168;right;232;pictures;0,72
hei;heilotpansan;19168;right;232;static;0,12
hei;heilotpansan;19168;right;232;dynamic;0,16
hei;heilotpansan;19175;left;706;pictures;0,14
hei;heilotpansan;19175;left;706;static;0,8
hei;heilotpansan;19175;left;706;dynamic;0,06
hei;heilotpansan;19175;middle;185;pictures;0,04
hei;heilotpansan;19175;middle;185;static;0,66
hei;heilotpansan;19175;middle;185;dynamic;0,3
hei;heilotpansan;19175;right;175;pictures;0,11
hei;heilotpansan;19175;right;175;static;0,81
hei;heilotpansan;19175;right;175;dynamic;0,08
hei;heilotpansan;19189;left;153;pictures;0,02
hei;heilotpansan;19189;left;153;static;0,95
hei;heilotpansan;19189;left;153;dynamic;0,03
hei;heilotpansan;19189;middle;248;pictures;0,26
hei;heilotpansan;19189;middle;248;static;0,52
hei;heilotpansan;19189;middle;248;dynamic;0,22
hei;heilotpansan;19189;right;154;pictures;0,18
hei;heilotpansan;19189;right;154;static;0,5
hei;heilotpansan;19189;right;154;dynamic;0,32
hei;heilotpansan;19196;left;95;pictures;0,26
hei;heilotpansan;19196;left;95;static;0,57
hei;heilotpansan;19196;left;95;dynamic;0,17
hei;heilotpansan;19196;middle;658;pictures;0,04
hei;heilotpansan;19196;middle;658;static;0,88
hei;heilotpansan;19196;middle;658;dynamic;0,08
hei;heilotpansan;19196;right;53;pictures;0,4
hei;heilotpansan;19196;right;53;static;0,45
hei;heilotpansan;19196;right;53;dynamic;0,15
hei;heilotpansan;19203;left;212;pictures;0,02
hei;heilotpansan;19203;left;212;static;0,92
hei;heilotpansan;19203;left;212;dynamic;0,06
hei;heilotpansan;19203;middle;561;pictures;0,14
hei;heilotpansan;19203;middle;561;static;0,6
hei;heilotpansan;19203;middle;561;dynamic;0,26
hei;heilotpansan;19203;right;148;pictures;0,14
hei;heilotpansan;19203;right;148;static;0,74
hei;heilotpansan;19203;right;148;dynamic;0,13
lot;heilotpansan;19161;left;266;pictures;0,31
lot;heilotpansan;19161;left;266;static;0,27
lot;heilotpansan;19161;left;266;dynamic;0,42
lot;heilotpansan;19161;middle;451;pictures;0,06
lot;heilotpansan;19161;middle;451;static;0,29
lot;heilotpansan;19161;middle;451;dynamic;0,65
lot;heilotpansan;19161;right;161;pictures;0,86
lot;heilotpansan;19161;right;161;static;0,04
lot;heilotpansan;19161;right;161;dynamic;0,11
lot;heilotpansan;19168;left;145;pictures;0,66
lot;heilotpansan;19168;left;145;static;0,03
lot;heilotpansan;19168;left;145;dynamic;0,32
lot;heilotpansan;19168;middle;512;pictures;0,32
lot;heilotpansan;19168;middle;512;static;0,58
lot;heilotpansan;19168;middle;512;dynamic;0,1
lot;heilotpansan;19168;right;124;pictures;0,16
lot;heilotpansan;19168;right;124;static;0,01
lot;heilotpansan;19168;right;124;dynamic;0,83
lot;heilotpansan;19175;left;346;pictures;0,61
lot;heilotpansan;19175;left;346;static;0,16
lot;heilotpansan;19175;left;346;dynamic;0,23
lot;heilotpansan;19175;middle;274;pictures;0,31
lot;heilotpansan;19175;middle;274;static;0,4
lot;heilotpansan;19175;middle;274;dynamic;0,3
lot;heilotpansan;19175;right;122;pictures;0,89
lot;heilotpansan;19175;right;122;static;0,06
lot;heilotpansan;19175;right;122;dynamic;0,06
lot;heilotpansan;19189;left;277;pictures;0,29
lot;heilotpansan;19189;left;277;static;0,24
lot;heilotpansan;19189;left;277;dynamic;0,47
lot;heilotpansan;19189;middle;40;pictures;0
lot;heilotpansan;19189;middle;40;static;0,35
lot;heilotpansan;19189;middle;40;dynamic;0,65
lot;heilotpansan;19189;right;6;pictures;1
lot;heilotpansan;19189;right;6;static;0
lot;heilotpansan;19189;right;6;dynamic;0
lot;heilotpansan;19196;left;317;pictures;0,53
lot;heilotpansan;19196;left;317;static;0,3
lot;heilotpansan;19196;left;317;dynamic;0,17
lot;heilotpansan;19196;middle;337;pictures;0,11
lot;heilotpansan;19196;middle;337;static;0,26
lot;heilotpansan;19196;middle;337;dynamic;0,63
lot;heilotpansan;19196;right;38;pictures;0,68
lot;heilotpansan;19196;right;38;static;0,18
lot;heilotpansan;19196;right;38;dynamic;0,13
lot;heilotpansan;19203;left;299;pictures;0,29
lot;heilotpansan;19203;left;299;static;0,53
lot;heilotpansan;19203;left;299;dynamic;0,18
lot;heilotpansan;19203;middle;311;pictures;0,25
lot;heilotpansan;19203;middle;311;static;0,54
lot;heilotpansan;19203;middle;311;dynamic;0,21
lot;heilotpansan;19203;right;31;pictures;0,65
lot;heilotpansan;19203;right;31;static;0,13
lot;heilotpansan;19203;right;31;dynamic;0,23
nat;natvin;19063;left;136;pictures;0,12
nat;natvin;19063;left;136;static;0,62
nat;natvin;19063;left;136;dynamic;0,25
nat;natvin;19063;middle;415;pictures;0,08
nat;natvin;19063;middle;415;static;0,67
nat;natvin;19063;middle;415;dynamic;0,26
nat;natvin;19063;right;232;pictures;0,35
nat;natvin;19063;right;232;static;0,28
nat;natvin;19063;right;232;dynamic;0,37
nat;natvin;19070;left;31;pictures;0,06
nat;natvin;19070;left;31;static;0,84
nat;natvin;19070;left;31;dynamic;0,1
nat;natvin;19070;middle;207;pictures;0,09
nat;natvin;19070;middle;207;static;0,71
nat;natvin;19070;middle;207;dynamic;0,19
nat;natvin;19070;right;184;pictures;0,35
nat;natvin;19070;right;184;static;0,34
nat;natvin;19070;right;184;dynamic;0,31
nat;natvin;19077;left;7;pictures;0,14
nat;natvin;19077;left;7;static;0,86
nat;natvin;19077;left;7;dynamic;0
nat;natvin;19077;middle;40;pictures;0,12
nat;natvin;19077;middle;40;static;0,75
nat;natvin;19077;middle;40;dynamic;0,12
nat;natvin;19077;right;58;pictures;0,33
nat;natvin;19077;right;58;static;0,29
nat;natvin;19077;right;58;dynamic;0,38
nat;natvin;19084;left;7;pictures;0
nat;natvin;19084;left;7;static;1
nat;natvin;19084;left;7;dynamic;0
nat;natvin;19084;middle;23;pictures;0,17
nat;natvin;19084;middle;23;static;0,48
nat;natvin;19084;middle;23;dynamic;0,35
nat;natvin;19084;right;42;pictures;0,29
nat;natvin;19084;right;42;static;0,4
nat;natvin;19084;right;42;dynamic;0,31
nat;natvin;19091;left;1;pictures;1
nat;natvin;19091;left;1;static;0
nat;natvin;19091;left;1;dynamic;0
nat;natvin;19091;middle;15;pictures;0
nat;natvin;19091;middle;15;static;1
nat;natvin;19091;middle;15;dynamic;0
nat;natvin;19091;right;20;pictures;0,45
nat;natvin;19091;right;20;static;0,05
nat;natvin;19091;right;20;dynamic;0,5
nat;natvin;19098;left;5;pictures;0,4
nat;natvin;19098;left;5;static;0,2
nat;natvin;19098;left;5;dynamic;0,4
nat;natvin;19098;middle;40;pictures;0
nat;natvin;19098;middle;40;static;0,92
nat;natvin;19098;middle;40;dynamic;0,07
nat;natvin;19098;right;48;pictures;0,5
nat;natvin;19098;right;48;static;0,02
nat;natvin;19098;right;48;dynamic;0,48
nat;natvin;19105;middle;32;pictures;0
nat;natvin;19105;middle;32;static;1
nat;natvin;19105;middle;32;dynamic;0
nat;natvin;19105;right;29;pictures;0,97
nat;natvin;19105;right;29;static;0,03
nat;natvin;19105;right;29;dynamic;0
nat;natvin;19112;left;2;pictures;0
nat;natvin;19112;left;2;static;1
nat;natvin;19112;left;2;dynamic;0
nat;natvin;19112;middle;21;pictures;0,14
nat;natvin;19112;middle;21;static;0,71
nat;natvin;19112;middle;21;dynamic;0,14
nat;natvin;19112;right;8;pictures;0,62
nat;natvin;19112;right;8;static;0
nat;natvin;19112;right;8;dynamic;0,38
nat;natvin;19119;left;6;pictures;0,17
nat;natvin;19119;left;6;static;0,67
nat;natvin;19119;left;6;dynamic;0,17
nat;natvin;19119;middle;34;pictures;0
nat;natvin;19119;middle;34;static;0,56
nat;natvin;19119;middle;34;dynamic;0,44
nat;natvin;19119;right;103;pictures;0,57
nat;natvin;19119;right;103;static;0,29
nat;natvin;19119;right;103;dynamic;0,14
nil;bacnil;19126;left;14;pictures;0,36
nil;bacnil;19126;left;14;static;0,29
nil;bacnil;19126;left;14;dynamic;0,36
nil;bacnil;19126;middle;17;pictures;0,41
nil;bacnil;19126;middle;17;static;0,53
nil;bacnil;19126;middle;17;dynamic;0,06
nil;bacnil;19126;right;27;pictures;0,44
nil;bacnil;19126;right;27;static;0,07
nil;bacnil;19126;right;27;dynamic;0,48
nil;bacnil;19133;left;195;pictures;0,28
nil;bacnil;19133;left;195;static;0,33
nil;bacnil;19133;left;195;dynamic;0,39
nil;bacnil;19133;middle;127;pictures;0,05
nil;bacnil;19133;middle;127;static;0,49
nil;bacnil;19133;middle;127;dynamic;0,46
nil;bacnil;19133;right;146;pictures;0,49
nil;bacnil;19133;right;146;static;0,18
nil;bacnil;19133;right;146;dynamic;0,34
nil;bacnil;19136;left;189;pictures;0,12
nil;bacnil;19136;left;189;static;0,25
nil;bacnil;19136;left;189;dynamic;0,62
nil;bacnil;19136;middle;184;pictures;0,05
nil;bacnil;19136;middle;184;static;0,73
nil;bacnil;19136;middle;184;dynamic;0,22
nil;bacnil;19136;right;118;pictures;0,59
nil;bacnil;19136;right;118;static;0,24
nil;bacnil;19136;right;118;dynamic;0,17
nil;bacnil;19137;left;66;pictures;0,39
nil;bacnil;19137;left;66;static;0,36
nil;bacnil;19137;left;66;dynamic;0,24
nil;bacnil;19137;middle;157;pictures;0
nil;bacnil;19137;middle;157;static;0,3
nil;bacnil;19137;middle;157;dynamic;0,7
nil;bacnil;19137;right;90;pictures;0,13
nil;bacnil;19137;right;90;static;0,71
nil;bacnil;19137;right;90;dynamic;0,16
nil;bacnil;19138;left;174;pictures;0,09
nil;bacnil;19138;left;174;static;0,1
nil;bacnil;19138;left;174;dynamic;0,81
nil;bacnil;19138;middle;330;pictures;0,04
nil;bacnil;19138;middle;330;static;0,78
nil;bacnil;19138;middle;330;dynamic;0,17
nil;bacnil;19138;right;86;pictures;0,59
nil;bacnil;19138;right;86;static;0,29
nil;bacnil;19138;right;86;dynamic;0,12
nil;bacnil;19139;left;40;pictures;0,1
nil;bacnil;19139;left;40;static;0,22
nil;bacnil;19139;left;40;dynamic;0,68
nil;bacnil;19139;middle;73;pictures;0,04
nil;bacnil;19139;middle;73;static;0,73
nil;bacnil;19139;middle;73;dynamic;0,23
nil;bacnil;19139;right;22;pictures;0,68
nil;bacnil;19139;right;22;static;0,05
nil;bacnil;19139;right;22;dynamic;0,27
pan;heilotpansan;19161;left;105;pictures;0,03
pan;heilotpansan;19161;left;105;static;0,53
pan;heilotpansan;19161;left;105;dynamic;0,44
pan;heilotpansan;19161;middle;191;pictures;0,28
pan;heilotpansan;19161;middle;191;static;0,69
pan;heilotpansan;19161;middle;191;dynamic;0,04
pan;heilotpansan;19161;right;92;pictures;0,8
pan;heilotpansan;19161;right;92;static;0,12
pan;heilotpansan;19161;right;92;dynamic;0,08
pan;heilotpansan;19168;left;73;pictures;0,21
pan;heilotpansan;19168;left;73;static;0,56
pan;heilotpansan;19168;left;73;dynamic;0,23
pan;heilotpansan;19168;middle;67;pictures;0,16
pan;heilotpansan;19168;middle;67;static;0,48
pan;heilotpansan;19168;middle;67;dynamic;0,36
pan;heilotpansan;19168;right;99;pictures;0,7
pan;heilotpansan;19168;right;99;static;0,02
pan;heilotpansan;19168;right;99;dynamic;0,28
pan;heilotpansan;19175;left;34;pictures;0,09
pan;heilotpansan;19175;left;34;static;0,76
pan;heilotpansan;19175;left;34;dynamic;0,15
pan;heilotpansan;19175;middle;51;pictures;0,35
pan;heilotpansan;19175;middle;51;static;0,35
pan;heilotpansan;19175;middle;51;dynamic;0,29
pan;heilotpansan;19175;right;84;pictures;0,64
pan;heilotpansan;19175;right;84;static;0,12
pan;heilotpansan;19175;right;84;dynamic;0,24
pan;heilotpansan;19189;left;13;pictures;0,23
pan;heilotpansan;19189;left;13;static;0,38
pan;heilotpansan;19189;left;13;dynamic;0,38
pan;heilotpansan;19189;middle;16;pictures;0,38
pan;heilotpansan;19189;middle;16;static;0,56
pan;heilotpansan;19189;middle;16;dynamic;0,06
pan;heilotpansan;19189;right;49;pictures;0,84
pan;heilotpansan;19189;right;49;static;0,16
pan;heilotpansan;19189;right;49;dynamic;0
pan;heilotpansan;19196;left;77;pictures;0,32
pan;heilotpansan;19196;left;77;static;0,45
pan;heilotpansan;19196;left;77;dynamic;0,22
pan;heilotpansan;19196;middle;46;pictures;0,07
pan;heilotpansan;19196;middle;46;static;0,85
pan;heilotpansan;19196;middle;46;dynamic;0,09
pan;heilotpansan;19196;right;95;pictures;0,65
pan;heilotpansan;19196;right;95;static;0,32
pan;heilotpansan;19196;right;95;dynamic;0,03
pan;heilotpansan;19203;left;111;pictures;0,36
pan;heilotpansan;19203;left;111;static;0,41
pan;heilotpansan;19203;left;111;dynamic;0,23
pan;heilotpansan;19203;middle;47;pictures;0,06
pan;heilotpansan;19203;middle;47;static;0,53
pan;heilotpansan;19203;middle;47;dynamic;0,4
pan;heilotpansan;19203;right;130;pictures;0,38
pan;heilotpansan;19203;right;130;static;0,36
pan;heilotpansan;19203;right;130;dynamic;0,26
pin;curpin;19140;left;97;pictures;0,09
pin;curpin;19140;left;97;static;0,85
pin;curpin;19140;left;97;dynamic;0,06
pin;curpin;19140;middle;73;pictures;0,11
pin;curpin;19140;middle;73;static;0,48
pin;curpin;19140;middle;73;dynamic;0,41
pin;curpin;19140;right;132;pictures;0,04
pin;curpin;19140;right;132;static;0,95
pin;curpin;19140;right;132;dynamic;0,02
pin;curpin;19154;left;33;pictures;0,48
pin;curpin;19154;left;33;static;0,09
pin;curpin;19154;left;33;dynamic;0,42
pin;curpin;19154;middle;103;pictures;0,01
pin;curpin;19154;middle;103;static;0,92
pin;curpin;19154;middle;103;dynamic;0,07
pin;curpin;19154;right;28;pictures;0,07
pin;curpin;19154;right;28;static;0,57
pin;curpin;19154;right;28;dynamic;0,36
pin;curpin;19161;left;61;pictures;0,33
pin;curpin;19161;left;61;static;0,34
pin;curpin;19161;left;61;dynamic;0,33
pin;curpin;19161;middle;72;pictures;0,06
pin;curpin;19161;middle;72;static;0,81
pin;curpin;19161;middle;72;dynamic;0,14
pin;curpin;19161;right;19;pictures;0,05
pin;curpin;19161;right;19;static;0,95
pin;curpin;19161;right;19;dynamic;0
pin;curpin;19168;left;145;pictures;0,08
pin;curpin;19168;left;145;static;0,81
pin;curpin;19168;left;145;dynamic;0,1
pin;curpin;19168;middle;106;pictures;0,09
pin;curpin;19168;middle;106;static;0,89
pin;curpin;19168;middle;106;dynamic;0,02
pin;curpin;19168;right;3;pictures;0,33
pin;curpin;19168;right;3;static;0
pin;curpin;19168;right;3;dynamic;0,67
pin;curpin;19175;left;122;pictures;0,04
pin;curpin;19175;left;122;static;0,8
pin;curpin;19175;left;122;dynamic;0,16
pin;curpin;19175;middle;109;pictures;0,05
pin;curpin;19175;middle;109;static;0,79
pin;curpin;19175;middle;109;dynamic;0,17
pin;curpin;19175;right;16;pictures;0,19
pin;curpin;19175;right;16;static;0,81
pin;curpin;19175;right;16;dynamic;0
san;heilotpansan;19161;left;113;pictures;0,03
san;heilotpansan;19161;left;113;static;0,02
san;heilotpansan;19161;left;113;dynamic;0,96
san;heilotpansan;19161;middle;114;pictures;0,05
san;heilotpansan;19161;middle;114;static;0,58
san;heilotpansan;19161;middle;114;dynamic;0,37
san;heilotpansan;19161;right;60;pictures;0,23
san;heilotpansan;19161;right;60;static;0,07
san;heilotpansan;19161;right;60;dynamic;0,7
san;heilotpansan;19168;left;23;pictures;0,09
san;heilotpansan;19168;left;23;static;0,74
san;heilotpansan;19168;left;23;dynamic;0,17
san;heilotpansan;19168;middle;185;pictures;0,1
san;heilotpansan;19168;middle;185;static;0,04
san;heilotpansan;19168;middle;185;dynamic;0,86
san;heilotpansan;19168;right;72;pictures;0,03
san;heilotpansan;19168;right;72;static;0
san;heilotpansan;19168;right;72;dynamic;0,97
san;heilotpansan;19175;left;56;pictures;0,32
san;heilotpansan;19175;left;56;static;0,38
san;heilotpansan;19175;left;56;dynamic;0,3
san;heilotpansan;19175;middle;89;pictures;0,12
san;heilotpansan;19175;middle;89;static;0,21
san;heilotpansan;19175;middle;89;dynamic;0,66
san;heilotpansan;19175;right;36;pictures;0,14
san;heilotpansan;19175;right;36;static;0,25
san;heilotpansan;19175;right;36;dynamic;0,61
san;heilotpansan;19189;left;81;pictures;0,01
san;heilotpansan;19189;left;81;static;0,14
san;heilotpansan;19189;left;81;dynamic;0,85
san;heilotpansan;19189;middle;152;pictures;0,01
san;heilotpansan;19189;middle;152;static;0,55
san;heilotpansan;19189;middle;152;dynamic;0,44
san;heilotpansan;19189;right;6;pictures;0,33
san;heilotpansan;19189;right;6;static;0
san;heilotpansan;19189;right;6;dynamic;0,67
san;heilotpansan;19196;left;78;pictures;0,01
san;heilotpansan;19196;left;78;static;0,32
san;heilotpansan;19196;left;78;dynamic;0,67
san;heilotpansan;19196;middle;173;pictures;0,1
san;heilotpansan;19196;middle;173;static;0,49
san;heilotpansan;19196;middle;173;dynamic;0,41
san;heilotpansan;19196;right;35;pictures;0,09
san;heilotpansan;19196;right;35;static;0,09
san;heilotpansan;19196;right;35;dynamic;0,83
san;heilotpansan;19203;left;55;pictures;0,04
san;heilotpansan;19203;left;55;static;0,31
san;heilotpansan;19203;left;55;dynamic;0,65
san;heilotpansan;19203;middle;303;pictures;0,06
san;heilotpansan;19203;middle;303;static;0,38
san;heilotpansan;19203;middle;303;dynamic;0,56
san;heilotpansan;19203;right;66;pictures;0,17
san;heilotpansan;19203;right;66;static;0,23
san;heilotpansan;19203;right;66;dynamic;0,61
vin;natvin;19063;left;371;pictures;0,25
vin;natvin;19063;left;371;static;0,44
vin;natvin;19063;left;371;dynamic;0,3
vin;natvin;19063;middle;499;pictures;0,1
vin;natvin;19063;middle;499;static;0,59
vin;natvin;19063;middle;499;dynamic;0,31
vin;natvin;19063;right;101;pictures;0,28
vin;natvin;19063;right;101;static;0,42
vin;natvin;19063;right;101;dynamic;0,31
vin;natvin;19070;left;193;pictures;0,06
vin;natvin;19070;left;193;static;0,89
vin;natvin;19070;left;193;dynamic;0,06
vin;natvin;19070;middle;513;pictures;0,07
vin;natvin;19070;middle;513;static;0,77
vin;natvin;19070;middle;513;dynamic;0,16
vin;natvin;19070;right;110;pictures;0,17
vin;natvin;19070;right;110;static;0,7
vin;natvin;19070;right;110;dynamic;0,13
vin;natvin;19077;left;118;pictures;0,01
vin;natvin;19077;left;118;static;0,99
vin;natvin;19077;left;118;dynamic;0
vin;natvin;19077;middle;183;pictures;0,01
vin;natvin;19077;middle;183;static;0,96
vin;natvin;19077;middle;183;dynamic;0,03
vin;natvin;19077;right;66;pictures;0,03
vin;natvin;19077;right;66;static;0,95
vin;natvin;19077;right;66;dynamic;0,02
vin;natvin;19084;left;157;pictures;0
vin;natvin;19084;left;157;static;1
vin;natvin;19084;left;157;dynamic;0
vin;natvin;19084;middle;70;pictures;0
vin;natvin;19084;middle;70;static;1
vin;natvin;19084;middle;70;dynamic;0
vin;natvin;19084;right;42;pictures;0
vin;natvin;19084;right;42;static;1
vin;natvin;19084;right;42;dynamic;0
vin;natvin;19091;left;73;pictures;0,01
vin;natvin;19091;left;73;static;0,96
vin;natvin;19091;left;73;dynamic;0,03
vin;natvin;19091;middle;107;pictures;0,04
vin;natvin;19091;middle;107;static;0,96
vin;natvin;19091;middle;107;dynamic;0
vin;natvin;19091;right;30;pictures;0,03
vin;natvin;19091;right;30;static;0,97
vin;natvin;19091;right;30;dynamic;0
vin;natvin;19098;left;31;pictures;0,13
vin;natvin;19098;left;31;static;0,81
vin;natvin;19098;left;31;dynamic;0,06
vin;natvin;19098;middle;249;pictures;0
vin;natvin;19098;middle;249;static;0,98
vin;natvin;19098;middle;249;dynamic;0,02
vin;natvin;19098;right;5;pictures;0
vin;natvin;19098;right;5;static;0,2
vin;natvin;19098;right;5;dynamic;0,8
vin;natvin;19105;left;97;pictures;0,01
vin;natvin;19105;left;97;static;0,94
vin;natvin;19105;left;97;dynamic;0,05
vin;natvin;19105;middle;291;pictures;0
vin;natvin;19105;middle;291;static;0,83
vin;natvin;19105;middle;291;dynamic;0,17
vin;natvin;19105;right;14;pictures;0,29
vin;natvin;19105;right;14;static;0,64
vin;natvin;19105;right;14;dynamic;0,07
vin;natvin;19112;left;12;pictures;0
vin;natvin;19112;left;12;static;1
vin;natvin;19112;left;12;dynamic;0
vin;natvin;19112;middle;44;pictures;0,02
vin;natvin;19112;middle;44;static;0,95
vin;natvin;19112;middle;44;dynamic;0,02
vin;natvin;19112;right;3;pictures;0,33
vin;natvin;19112;right;3;static;0
vin;natvin;19112;right;3;dynamic;0,67
vin;natvin;19119;left;95;pictures;0,01
vin;natvin;19119;left;95;static;0,97
vin;natvin;19119;left;95;dynamic;0,02
vin;natvin;19119;middle;192;pictures;0,01
vin;natvin;19119;middle;192;static;0,68
vin;natvin;19119;middle;192;dynamic;0,31
vin;natvin;19119;right;76;pictures;0,07
vin;natvin;19119;right;76;static;0,92
vin;natvin;19119;right;76;dynamic;0,01